ISOYEAR,country_name,ISO_code,dyear,total_funding,,,,
AFG2008,Afghanistan,AFG,2008,3241418,,,,
AFG2009,Afghanistan,AFG,2009,5158552,,,,
AFG2010,Afghanistan,AFG,2010,4437825,,,,
AFG2011,Afghanistan,AFG,2011,8002073.55,,,,
AFG2012,Afghanistan,AFG,2012,9052547,,,,
AFG2013,Afghanistan,AFG,2013,5312479,,,,
AFG2014,Afghanistan,AFG,2014,4181138,,,,
AFG2015,Afghanistan,AFG,2015,0,,,,
ALB2005,Albania,ALB,2005,2376957,,,,
DZA2006,Algeria,DZA,2006,3673849.625,,,,
DZA2008,Algeria,DZA,2008,3802015.863,,,,
DZA2009,Algeria,DZA,2009,2726734,,,,
DZA2010,Algeria,DZA,2010,5840187.542,,,,
DZA2011,Algeria,DZA,2011,6314132.619,,,,
DZA2012,Algeria,DZA,2012,6773706.897,,,,
DZA2013,Algeria,DZA,2013,12456208.14,,,,
DZA2014,Algeria,DZA,2014,17268653.65,,,,
AGO2006,Angola,AGO,2006,27724126.85,,,,
AGO2007,Angola,AGO,2007,47493993,,,,
AGO2008,Angola,AGO,2008,31765941,,,,
AGO2009,Angola,AGO,2009,34699646.99,,,,
AGO2010,Angola,AGO,2010,34338192.34,,,,
AGO2011,Angola,AGO,2011,33893239.22,,,,
AGO2016,Angola,AGO,2016,19767460.15,,,,
ATG2006,Antigua and Barbuda,ATG,2006,157323.7305,,,,
ATG2007,Antigua and Barbuda,ATG,2007,159827.5,,,,
ATG2008,Antigua and Barbuda,ATG,2008,329358.8778,,,,
ATG2009,Antigua and Barbuda,ATG,2009,390760.3963,,,,
ATG2010,Antigua and Barbuda,ATG,2010,1376617.69,,,,
ATG2011,Antigua and Barbuda,ATG,2011,617262.4502,,,,
ATG2012,Antigua and Barbuda,ATG,2012,987160.7407,,,,
ATG2013,Antigua and Barbuda,ATG,2013,1423132.26,,,,
ATG2015,Antigua and Barbuda,ATG,2015,5955882.353,,,,
ARG2006,Argentina,ARG,2006,62373020.26,,,,
ARG2007,Argentina,ARG,2007,82935738.33,,,,
ARG2008,Argentina,ARG,2008,85546274.38,,,,
ARG2009,Argentina,ARG,2009,88544751.22,,,,
ARG2010,Argentina,ARG,2010,106167939.3,,,,
ARG2011,Argentina,ARG,2011,173662731.1,,,,
ARG2012,Argentina,ARG,2012,179007273,,,,
ARM2007,Armenia,ARM,2007,2476108,,,,
ARM2008,Armenia,ARM,2008,2604517.199,,,,
ARM2009,Armenia,ARM,2009,2301071.14,,,,
ARM2010,Armenia,ARM,2010,5052363.727,,,,
ARM2011,Armenia,ARM,2011,5587011.129,,,,
ARM2012,Armenia,ARM,2012,5338915.361,,,,
ARM2013,Armenia,ARM,2013,5006127.661,,,,
ARM2014,Armenia,ARM,2014,6816742.951,,,,
ARM2016,Armenia,ARM,2016,4222796.19,,,,
ABW2005,Aruba,ABW,2005,10000,,,,
ABW2006,Aruba,ABW,2006,10000,,,,
ABW2007,Aruba,ABW,2007,10000,,,,
AUS2006,Australia,AUS,2006,101415112,,,,
AZE2007,Azerbaijan,AZE,2007,2220238.125,,,,
AZE2008,Azerbaijan,AZE,2008,5012004,,,,
AZE2009,Azerbaijan,AZE,2009,6061650.29,,,,
AZE2010,Azerbaijan,AZE,2010,8236251.172,,,,
AZE2011,Azerbaijan,AZE,2011,14555703.9,,,,
AZE2013,Azerbaijan,AZE,2013,18611700.42,,,,
AZE2014,Azerbaijan,AZE,2014,20627360.08,,,,
BHS2006,Bahamas,BHS,2006,2148723,,,,
BHS2008,Bahamas,BHS,2008,4468559.52,,,,
BHS2009,Bahamas,BHS,2009,4901264.55,,,,
BGD2008,Bangladesh,BGD,2008,37264781,,,,
BGD2009,Bangladesh,BGD,2009,26938053.8,,,,
BGD2010,Bangladesh,BGD,2010,15203323.65,,,,
BGD2011,Bangladesh,BGD,2011,18804376.49,,,,
BGD2012,Bangladesh,BGD,2012,12483351.97,,,,
BGD2013,Bangladesh,BGD,2013,21143541.89,,,,
BGD2014,Bangladesh,BGD,2014,19405721.99,,,,
BGD2015,Bangladesh,BGD,2015,12759321.84,,,,
BRB2006,Barbados,BRB,2006,7128686.746,,,,
BRB2009,Barbados,BRB,2009,5539683,,,,
BRB2010,Barbados,BRB,2010,7390301,,,,
BRB2011,Barbados,BRB,2011,8078374.64,,,,
BRB2012,Barbados,BRB,2012,9976348.6,,,,
BRB2013,Barbados,BRB,2013,15971142.69,,,,
BLR2006,Belarus,BLR,2006,13132657.25,,,,
BLR2008,Belarus,BLR,2008,20479442.37,,,,
BLR2009,Belarus,BLR,2009,17734673.71,,,,
BLR2010,Belarus,BLR,2010,19722982.12,,,,
BLR2011,Belarus,BLR,2011,19864483.34,,,,
BLR2012,Belarus,BLR,2012,19785986.09,,,,
BLR2013,Belarus,BLR,2013,18582285.83,,,,
BLR2014,Belarus,BLR,2014,22445923.02,,,,
BLR2016,Belarus,BLR,2016,17639014.83,,,,
BEL2008,Belgium,BEL,2008,111777467.6,,,,
BEL2009,Belgium,BEL,2009,146014580.8,,,,
BEL2010,Belgium,BEL,2010,159087442.3,,,,
BLZ2008,Belize,BLZ,2008,2024334.5,,,,
BLZ2009,Belize,BLZ,2009,2024334.5,,,,
BLZ2010,Belize,BLZ,2010,2877998,,,,
BLZ2012,Belize,BLZ,2012,2836771.5,,,,
BEN2006,Benin,BEN,2006,0,,,,
BEN2007,Benin,BEN,2007,21954939.07,,,,
BEN2008,Benin,BEN,2008,25238076.55,,,,
BEN2009,Benin,BEN,2009,32435197.45,,,,
BEN2010,Benin,BEN,2010,18197534.41,,,,
BEN2011,Benin,BEN,2011,27550070.02,,,,
BEN2012,Benin,BEN,2012,30175682.86,,,,
BEN2013,Benin,BEN,2013,22257640.97,,,,
BEN2014,Benin,BEN,2014,20592481.48,,,,
BEN2015,Benin,BEN,2015,15537589.92,,,,
BEN2016,Benin,BEN,2016,16793566.31,,,,
BOL2005,Bolivia,BOL,2005,1833231.842,,,,
BOL2006,Bolivia,BOL,2006,4024537.828,,,,
BOL2007,Bolivia,BOL,2007,3182865.949,,,,
BOL2008,Bolivia,BOL,2008,5393563.068,,,,
BOL2009,Bolivia,BOL,2009,9733435.043,,,,
BOL2011,Bolivia,BOL,2011,9251710.001,,,,
BOL2012,Bolivia,BOL,2012,11768762,,,,
BIH2008,Bosnia and Herzegovina,BIH,2008,2759908.18,,,,
BIH2009,Bosnia and Herzegovina,BIH,2009,3584302.26,,,,
BWA2003,Botswana,BWA,2003,0,,,,
BWA2005,Botswana,BWA,2005,208930891.8,,,,
BWA2006,Botswana,BWA,2006,143406319,,,,
BWA2007,Botswana,BWA,2007,229457672,,,,
BWA2008,Botswana,BWA,2008,348408017.3,,,,
BWA2009,Botswana,BWA,2009,306431292.5,,,,
BWA2010,Botswana,BWA,2010,363240716.6,,,,
BWA2011,Botswana,BWA,2011,390616018.6,,,,
BRA2006,Brazil,BRA,2006,565185867,,,,
BRA2007,Brazil,BRA,2007,575138517.6,,,,
BRA2008,Brazil,BRA,2008,623133514.6,,,,
BRA2009,Brazil,BRA,2009,656848865.2,,,,
BRA2010,Brazil,BRA,2010,734242594.2,,,,
BRA2011,Brazil,BRA,2011,812604545,,,,
BRA2012,Brazil,BRA,2012,694741477.1,,,,
BRA2014,Brazil,BRA,2014,804365938.9,,,,
BGR2005,Bulgaria,BGR,2005,7778041,,,,
BGR2006,Bulgaria,BGR,2006,6603844.75,,,,
BGR2007,Bulgaria,BGR,2007,6665825.891,,,,
BGR2008,Bulgaria,BGR,2008,9211929.188,,,,
BGR2009,Bulgaria,BGR,2009,11051031.88,,,,
BGR2010,Bulgaria,BGR,2010,9892606.022,,,,
BGR2011,Bulgaria,BGR,2011,13716892.5,,,,
BGR2012,Bulgaria,BGR,2012,10838021.03,,,,
BGR2013,Bulgaria,BGR,2013,11959461.68,,,,
BGR2014,Bulgaria,BGR,2014,14796160.97,,,,
BGR2015,Bulgaria,BGR,2015,12925531.77,,,,
BFA2006,Burkina Faso,BFA,2006,47298132.25,,,,
BFA2007,Burkina Faso,BFA,2007,42567454.13,,,,
BFA2008,Burkina Faso,BFA,2008,52978377.71,,,,
BFA2009,Burkina Faso,BFA,2009,62092749.53,,,,
BFA2010,Burkina Faso,BFA,2010,58282723.81,,,,
BFA2011,Burkina Faso,BFA,2011,48066175.9,,,,
BFA2012,Burkina Faso,BFA,2012,56480730.49,,,,
BFA2013,Burkina Faso,BFA,2013,58401077.95,,,,
BDI2007,Burundi,BDI,2007,26191559.65,,,,
BDI2008,Burundi,BDI,2008,26446970.22,,,,
BDI2009,Burundi,BDI,2009,27034142.9,,,,
BDI2010,Burundi,BDI,2010,41776442.26,,,,
BDI2011,Burundi,BDI,2011,25443438.46,,,,
BDI2012,Burundi,BDI,2012,38747562,,,,
BDI2013,Burundi,BDI,2013,41460906,,,,
BDI2014,Burundi,BDI,2014,18414529.07,,,,
KHM2006,Cambodia,KHM,2006,46219589.24,,,,
KHM2007,Cambodia,KHM,2007,53258764,,,,
KHM2008,Cambodia,KHM,2008,51846996.83,,,,
KHM2009,Cambodia,KHM,2009,53735197.96,,,,
KHM2010,Cambodia,KHM,2010,58059469.48,,,,
KHM2011,Cambodia,KHM,2011,52834014.91,,,,
KHM2012,Cambodia,KHM,2012,50883717.33,,,,
CMR2004,Cameroon,CMR,2004,24284083,,,,
CMR2005,Cameroon,CMR,2005,43173625,,,,
CMR2006,Cameroon,CMR,2006,33937835,,,,
CMR2007,Cameroon,CMR,2007,37998196.66,,,,
CMR2008,Cameroon,CMR,2008,44863107.37,,,,
CMR2009,Cameroon,CMR,2009,76970910.99,,,,
CMR2010,Cameroon,CMR,2010,64185623.57,,,,
CMR2011,Cameroon,CMR,2011,47971213.83,,,,
CMR2012,Cameroon,CMR,2012,50840874.5,,,,
CMR2013,Cameroon,CMR,2013,72549303.26,,,,
CPV2006,Cape Verde,CPV,2006,799656,,,,
CPV2007,Cape Verde,CPV,2007,1790645.75,,,,
CPV2008,Cape Verde,CPV,2008,2569599.634,,,,
CPV2009,Cape Verde,CPV,2009,1110770.401,,,,
CPV2010,Cape Verde,CPV,2010,2550065.428,,,,
CPV2011,Cape Verde,CPV,2011,3601972.223,,,,
CPV2012,Cape Verde,CPV,2012,34027.44056,,,,
CPV2013,Cape Verde,CPV,2013,4916285.995,,,,
CPV2014,Cape Verde,CPV,2014,3811653.51,,,,
CAF2006,Central African Republic,CAF,2006,14962737,,,,
CAF2007,Central African Republic,CAF,2007,10548130.68,,,,
CAF2008,Central African Republic,CAF,2008,20637243.35,,,,
CAF2009,Central African Republic,CAF,2009,11442259.01,,,,
CAF2010,Central African Republic,CAF,2010,14897398,,,,
CAF2011,Central African Republic,CAF,2011,15784563.94,,,,
TCD2006,Chad,TCD,2006,0,,,,
TCD2007,Chad,TCD,2007,8767272.218,,,,
TCD2008,Chad,TCD,2008,14037230.22,,,,
TCD2009,Chad,TCD,2009,12657267.28,,,,
TCD2010,Chad,TCD,2010,11791489.07,,,,
TCD2011,Chad,TCD,2011,18001758.82,,,,
TCD2012,Chad,TCD,2012,16349143.41,,,,
TCD2013,Chad,TCD,2013,17632653.7,,,,
CHL2005,Chile,CHL,2005,69167100,,,,
CHL2008,Chile,CHL,2008,112166092,,,,
CHL2009,Chile,CHL,2009,141307412.4,,,,
CHL2010,Chile,CHL,2010,157229159.2,,,,
CHL2011,Chile,CHL,2011,165883778.7,,,,
CHL2012,Chile,CHL,2012,212550138.6,,,,
CHL2015,Chile,CHL,2015,172772050.3,,,,
CHN2006,China,CHN,2006,138927272,,,,
CHN2007,China,CHN,2007,124115808,,,,
CHN2008,China,CHN,2008,323834196.9,,,,
CHN2009,China,CHN,2009,353535353.5,,,,
CHN2010,China,CHN,2010,586572420.5,,,,
CHN2011,China,CHN,2011,593989628.4,,,,
CHN2012,China,CHN,2012,635813432.7,,,,
CHN2013,China,CHN,2013,757504322.1,,,,
CHN2014,China,CHN,2014,989975570,,,,
COL2006,Colombia,COL,2006,98169192.94,,,,
COL2007,Colombia,COL,2007,87978214.21,,,,
COL2008,Colombia,COL,2008,128878172.2,,,,
COL2009,Colombia,COL,2009,105630779.6,,,,
COL2010,Colombia,COL,2010,113064730.2,,,,
COL2011,Colombia,COL,2011,96673834.92,,,,
COL2012,Colombia,COL,2012,134944827.1,,,,
COL2013,Colombia,COL,2013,119528046.2,,,,
COM2007,Comoros,COM,2007,150000,,,,
COM2010,Comoros,COM,2010,169642.7339,,,,
COM2011,Comoros,COM,2011,936323.4803,,,,
COM2012,Comoros,COM,2012,1532305.973,,,,
COM2013,Comoros,COM,2013,696389.2743,,,,
COM2014,Comoros,COM,2014,1052149,,,,
COG2007,Congo,COG,2007,9443989.524,,,,
COG2008,Congo,COG,2008,11628857.34,,,,
COG2009,Congo,COG,2009,11976747.1,,,,
COG2010,Congo,COG,2010,16472585.65,,,,
CRI2006,Costa Rica,CRI,2006,35727299.88,,,,
CRI2008,Costa Rica,CRI,2008,43923785.36,,,,
CRI2010,Costa Rica,CRI,2010,30556390,,,,
CRI2012,Costa Rica,CRI,2012,22246679,,,,
CIV2005,Cote d'Ivoire,CIV,2005,15782199.29,,,,
CIV2006,Cote d'Ivoire,CIV,2006,47039581.86,,,,
CIV2007,Cote d'Ivoire,CIV,2007,70975032.85,,,,
CIV2008,Cote d'Ivoire,CIV,2008,67294316.84,,,,
CIV2009,Cote d'Ivoire,CIV,2009,119936505.2,,,,
CIV2010,Cote d'Ivoire,CIV,2010,114776945.3,,,,
CIV2011,Cote d'Ivoire,CIV,2011,97995386.74,,,,
CIV2012,Cote d'Ivoire,CIV,2012,124202802.8,,,,
CIV2013,Cote d'Ivoire,CIV,2013,103855515.9,,,,
HRV2006,Croatia,HRV,2006,8424443.5,,,,
HRV2007,Croatia,HRV,2007,8907938.669,,,,
HRV2008,Croatia,HRV,2008,9957027.012,,,,
HRV2009,Croatia,HRV,2009,10367188,,,,
HRV2012,Croatia,HRV,2012,11278316.95,,,,
HRV2013,Croatia,HRV,2013,14363785.45,,,,
CUB2007,Cuba,CUB,2007,44509069,,,,
CUB2008,Cuba,CUB,2008,46615803,,,,
CUB2009,Cuba,CUB,2009,68720826.11,,,,
CUB2010,Cuba,CUB,2010,66854941.95,,,,
CUB2011,Cuba,CUB,2011,70567385.73,,,,
CUB2012,Cuba,CUB,2012,72046447.79,,,,
CUB2013,Cuba,CUB,2013,69734372.4,,,,
CZE2007,Czechia,CZE,2007,57386483.71,,,,
CZE2008,Czechia,CZE,2008,64836192.61,,,,
CZE2009,Czechia,CZE,2009,70147858.58,,,,
COD2006,Democratic Republic of Congo,COD,2006,41689248,,,,
COD2008,Democratic Republic of Congo,COD,2008,96365322,,,,
COD2009,Democratic Republic of Congo,COD,2009,186945819,,,,
COD2010,Democratic Republic of Congo,COD,2010,195554363,,,,
COD2011,Democratic Republic of Congo,COD,2011,190800215,,,,
COD2012,Democratic Republic of Congo,COD,2012,229278486,,,,
COD2013,Democratic Republic of Congo,COD,2013,99828587,,,,
COD2014,Democratic Republic of Congo,COD,2014,97139495,,,,
DJI2007,Djibouti,DJI,2007,3690621,,,,
DJI2008,Djibouti,DJI,2008,3220826,,,,
DJI2009,Djibouti,DJI,2009,2006625,,,,
DJI2010,Djibouti,DJI,2010,5046033.405,,,,
DJI2011,Djibouti,DJI,2011,4293492.855,,,,
DJI2012,Djibouti,DJI,2012,3828455.543,,,,
DJI2014,Djibouti,DJI,2014,2883765.17,,,,
DMA2008,Dominica,DMA,2008,177654.85,,,,
DMA2009,Dominica,DMA,2009,177654.85,,,,
DMA2010,Dominica,DMA,2010,223664.38,,,,
DMA2011,Dominica,DMA,2011,223664.38,,,,
DMA2012,Dominica,DMA,2012,336411.0701,,,,
DOM2007,Dominican Republic,DOM,2007,37420644,,,,
DOM2008,Dominican Republic,DOM,2008,31331008.43,,,,
DOM2012,Dominican Republic,DOM,2012,40729787.74,,,,
ECU2005,Ecuador,ECU,2005,2950901.66,,,,
ECU2006,Ecuador,ECU,2006,10209004.9,,,,
ECU2007,Ecuador,ECU,2007,7473084.69,,,,
ECU2008,Ecuador,ECU,2008,0,,,,
ECU2009,Ecuador,ECU,2009,0,,,,
ECU2010,Ecuador,ECU,2010,28641874.5,,,,
ECU2014,Ecuador,ECU,2014,13230521.67,,,,
EGY2007,Egypt,EGY,2007,6391755.273,,,,
EGY2008,Egypt,EGY,2008,7652152.182,,,,
SLV2006,El Salvador,SLV,2006,35970390,,,,
SLV2007,El Salvador,SLV,2007,43769464,,,,
SLV2008,El Salvador,SLV,2008,41232425,,,,
SLV2010,El Salvador,SLV,2010,49857063,,,,
SLV2012,El Salvador,SLV,2012,59224233,,,,
SLV2013,El Salvador,SLV,2013,62305782,,,,
SLV2014,El Salvador,SLV,2014,68138036,,,,
SLV2015,El Salvador,SLV,2015,69971303,,,,
GNQ2007,Equatorial Guinea,GNQ,2007,1314029.644,,,,
GNQ2008,Equatorial Guinea,GNQ,2008,2926458.439,,,,
GNQ2009,Equatorial Guinea,GNQ,2009,2840864.932,,,,
GNQ2012,Equatorial Guinea,GNQ,2012,2364083.055,,,,
GNQ2013,Equatorial Guinea,GNQ,2013,8715789.098,,,,
ERI2005,Eritrea,ERI,2005,15411702,,,,
ERI2006,Eritrea,ERI,2006,7183159,,,,
ERI2007,Eritrea,ERI,2007,7792681.5,,,,
ERI2008,Eritrea,ERI,2008,14456536.38,,,,
ERI2009,Eritrea,ERI,2009,13661214,,,,
EST2008,Estonia,EST,2008,18373202.34,,,,
EST2010,Estonia,EST,2010,16353142.12,,,,
SWZ2005,Eswatini,SWZ,2005,0,,,,
SWZ2006,Eswatini,SWZ,2006,49113384,,,,
SWZ2007,Eswatini,SWZ,2007,49446926.86,,,,
SWZ2009,Eswatini,SWZ,2009,75280452.97,,,,
SWZ2011,Eswatini,SWZ,2011,86741192,,,,
SWZ2012,Eswatini,SWZ,2012,82568469,,,,
SWZ2013,Eswatini,SWZ,2013,96931522,,,,
ETH2008,Ethiopia,ETH,2008,248000114,,,,
ETH2011,Ethiopia,ETH,2011,403309472,,,,
ETH2016,Ethiopia,ETH,2016,351583871,,,,
FJI2007,Fiji,FJI,2007,1849093.862,,,,
FJI2008,Fiji,FJI,2008,2506227.052,,,,
FJI2009,Fiji,FJI,2009,2332251.522,,,,
FJI2010,Fiji,FJI,2010,2096988.53,,,,
FJI2011,Fiji,FJI,2011,2255211.91,,,,
FJI2012,Fiji,FJI,2012,335117.6249,,,,
FJI2013,Fiji,FJI,2013,191953.1381,,,,
FJI2014,Fiji,FJI,2014,213386.3431,,,,
GAB2007,Gabon,GAB,2007,10531077.61,,,,
GAB2008,Gabon,GAB,2008,11918289.7,,,,
GAB2009,Gabon,GAB,2009,6583069.153,,,,
GAB2010,Gabon,GAB,2010,8035394.788,,,,
GAB2011,Gabon,GAB,2011,9934667.087,,,,
GAB2012,Gabon,GAB,2012,15229285.15,,,,
GAB2013,Gabon,GAB,2013,11176198.3,,,,
GAB2014,Gabon,GAB,2014,6452776.924,,,,
GMB2007,Gambia,GMB,2007,4898005,,,,
GMB2008,Gambia,GMB,2008,4987930,,,,
GMB2014,Gambia,GMB,2014,3850000.69,,,,
GEO2006,Georgia,GEO,2006,5294119.143,,,,
GEO2008,Georgia,GEO,2008,8218686,,,,
GEO2009,Georgia,GEO,2009,10372885.79,,,,
GEO2010,Georgia,GEO,2010,15909290,,,,
GEO2011,Georgia,GEO,2011,14255584,,,,
GEO2012,Georgia,GEO,2012,16557873,,,,
GEO2013,Georgia,GEO,2013,16103397,,,,
GEO2014,Georgia,GEO,2014,16962519,,,,
GEO2015,Georgia,GEO,2015,15953309.81,,,,
GHA2006,Ghana,GHA,2006,22982243,,,,
GHA2007,Ghana,GHA,2007,52445091,,,,
GHA2008,Ghana,GHA,2008,38850940,,,,
GHA2009,Ghana,GHA,2009,54228387,,,,
GHA2010,Ghana,GHA,2010,62147564,,,,
GHA2011,Ghana,GHA,2011,81677333,,,,
GHA2012,Ghana,GHA,2012,145105927,,,,
GHA2013,Ghana,GHA,2013,106502691,,,,
GHA2015,Ghana,GHA,2015,92306722.19,,,,
GRC2008,Greece,GRC,2008,96058434.83,,,,
GRD2006,Grenada,GRD,2006,1050000,,,,
GRD2008,Grenada,GRD,2008,483594.9706,,,,
GRD2009,Grenada,GRD,2009,194492.6903,,,,
GRD2010,Grenada,GRD,2010,93501.41691,,,,
GRD2011,Grenada,GRD,2011,7434.65,,,,
GRD2012,Grenada,GRD,2012,120140.92,,,,
GRD2013,Grenada,GRD,2013,194829.49,,,,
GTM2002,Guatemala,GTM,2002,12571164.84,,,,
GTM2003,Guatemala,GTM,2003,15850808.01,,,,
GTM2004,Guatemala,GTM,2004,19393994.85,,,,
GTM2005,Guatemala,GTM,2005,21868378.17,,,,
GTM2006,Guatemala,GTM,2006,21155491.56,,,,
GTM2007,Guatemala,GTM,2007,0,,,,
GTM2008,Guatemala,GTM,2008,0,,,,
GTM2009,Guatemala,GTM,2009,45025407.88,,,,
GTM2010,Guatemala,GTM,2010,46082034.18,,,,
GTM2011,Guatemala,GTM,2011,46930846.53,,,,
GTM2012,Guatemala,GTM,2012,53225006,,,,
GTM2013,Guatemala,GTM,2013,57371338,,,,
GTM2014,Guatemala,GTM,2014,55519729,,,,
GTM2016,Guatemala,GTM,2016,50464376,,,,
GIN2007,Guinea,GIN,2007,7421451.492,,,,
GIN2008,Guinea,GIN,2008,13226372.68,,,,
GIN2009,Guinea,GIN,2009,13508992.3,,,,
GIN2010,Guinea,GIN,2010,11942596.35,,,,
GIN2011,Guinea,GIN,2011,15044153.4,,,,
GIN2012,Guinea,GIN,2012,12076992.53,,,,
GIN2013,Guinea,GIN,2013,14413834.95,,,,
GIN2014,Guinea,GIN,2014,15762745.27,,,,
GNB2006,Guinea-Bissau,GNB,2006,2859366.5,,,,
GNB2007,Guinea-Bissau,GNB,2007,2799713.25,,,,
GNB2008,Guinea-Bissau,GNB,2008,4129567.728,,,,
GNB2009,Guinea-Bissau,GNB,2009,5739812.273,,,,
GNB2010,Guinea-Bissau,GNB,2010,5258837.039,,,,
GUY2011,Guyana,GUY,2011,21541642,,,,
GUY2012,Guyana,GUY,2012,21921471,,,,
HTI2006,Haiti,HTI,2006,70285699.97,,,,
HTI2007,Haiti,HTI,2007,73348812.07,,,,
HTI2008,Haiti,HTI,2008,144431252.3,,,,
HTI2009,Haiti,HTI,2009,135718466.4,,,,
HTI2010,Haiti,HTI,2010,166132149.6,,,,
HTI2011,Haiti,HTI,2011,209009281,,,,
HTI2012,Haiti,HTI,2012,115806396,,,,
HTI2013,Haiti,HTI,2013,127874387,,,,
HND2006,Honduras,HND,2006,17485078.5,,,,
HND2007,Honduras,HND,2007,22393727.88,,,,
HND2008,Honduras,HND,2008,28463574.6,,,,
HND2009,Honduras,HND,2009,31974903.44,,,,
HND2010,Honduras,HND,2010,36184175.32,,,,
HND2011,Honduras,HND,2011,36126243.04,,,,
HND2012,Honduras,HND,2012,38299977.58,,,,
HND2013,Honduras,HND,2013,36713777.03,,,,
HUN2007,Hungary,HUN,2007,2274786.631,,,,
HUN2008,Hungary,HUN,2008,3673401.639,,,,
HUN2009,Hungary,HUN,2009,3496376.963,,,,
IND2008,India,IND,2008,145589869.6,,,,
IND2009,India,IND,2009,140001565.2,,,,
IND2010,India,IND,2010,225715496.3,,,,
IND2011,India,IND,2011,275000075.5,,,,
IND2012,India,IND,2012,205808366,,,,
IND2013,India,IND,2013,144554316.6,,,,
IND2014,India,IND,2014,164330064.6,,,,
IDN2006,Indonesia,IDN,2006,56576573.71,,,,
IDN2007,Indonesia,IDN,2007,58671397.39,,,,
IDN2008,Indonesia,IDN,2008,49563286,,,,
IDN2009,Indonesia,IDN,2009,60285419.7,,,,
IDN2010,Indonesia,IDN,2010,68801197,,,,
IDN2011,Indonesia,IDN,2011,72543621,,,,
IDN2012,Indonesia,IDN,2012,87002694,,,,
IRN2006,Iran,IRN,2006,32777972,,,,
IRN2008,Iran,IRN,2008,36011016.2,,,,
IRN2009,Iran,IRN,2009,40761320,,,,
IRN2012,Iran,IRN,2012,74486120.27,,,,
ITA2011,Italy,ITA,2011,508145475.3,,,,
JAM2005,Jamaica,JAM,2005,11306126,,,,
JAM2006,Jamaica,JAM,2006,10361506,,,,
JAM2007,Jamaica,JAM,2007,14749274,,,,
JAM2009,Jamaica,JAM,2009,15192487.77,,,,
JAM2010,Jamaica,JAM,2010,14666841.02,,,,
JAM2011,Jamaica,JAM,2011,18364388,,,,
JAM2012,Jamaica,JAM,2012,17136135,,,,
JPN2006,Japan,JPN,2006,68134843.75,,,,
JPN2009,Japan,JPN,2009,73196543.69,,,,
JPN2010,Japan,JPN,2010,73455936.17,,,,
JPN2011,Japan,JPN,2011,67907853.93,,,,
JOR2007,Jordan,JOR,2007,2697078,,,,
JOR2009,Jordan,JOR,2009,3099000,,,,
JOR2010,Jordan,JOR,2010,1723767.521,,,,
JOR2011,Jordan,JOR,2011,1433831.479,,,,
JOR2012,Jordan,JOR,2012,1968903,,,,
JOR2013,Jordan,JOR,2013,1079616,,,,
KAZ2007,Kazakhstan,KAZ,2007,17958794,,,,
KAZ2009,Kazakhstan,KAZ,2009,22778078.89,,,,
KAZ2011,Kazakhstan,KAZ,2011,36887018.02,,,,
KAZ2012,Kazakhstan,KAZ,2012,37809895.21,,,,
KAZ2013,Kazakhstan,KAZ,2013,37802614.38,,,,
KAZ2014,Kazakhstan,KAZ,2014,43041166.67,,,,
KEN2007,Kenya,KEN,2007,418581567,,,,
KEN2008,Kenya,KEN,2008,659865872.2,,,,
KEN2009,Kenya,KEN,2009,670864163,,,,
KEN2010,Kenya,KEN,2010,726058594.2,,,,
KEN2011,Kenya,KEN,2011,837615747.5,,,,
KEN2012,Kenya,KEN,2012,790658623.9,,,,
KEN2013,Kenya,KEN,2013,850027885.9,,,,
KIR2010,Kiribati,KIR,2010,429800,,,,
KIR2011,Kiribati,KIR,2011,258888,,,,
KIR2012,Kiribati,KIR,2012,339277,,,,
KIR2014,Kiribati,KIR,2014,669378.3784,,,,
KIR2016,Kiribati,KIR,2016,252340.17,,,,
KWT2007,Kuwait,KWT,2007,4219466.24,,,,
KWT2008,Kuwait,KWT,2008,4695719.6,,,,
KWT2009,Kuwait,KWT,2009,4578054.84,,,,
KWT2010,Kuwait,KWT,2010,56791069,,,,
KWT2012,Kuwait,KWT,2012,59515454.55,,,,
KWT2013,Kuwait,KWT,2013,5952003.509,,,,
KWT2014,Kuwait,KWT,2014,22365503,,,,
KGZ2006,Kyrgyzstan,KGZ,2006,7917122.375,,,,
KGZ2008,Kyrgyzstan,KGZ,2008,8795735.963,,,,
KGZ2009,Kyrgyzstan,KGZ,2009,12153796,,,,
KGZ2010,Kyrgyzstan,KGZ,2010,11235261,,,,
KGZ2011,Kyrgyzstan,KGZ,2011,5720845,,,,
KGZ2012,Kyrgyzstan,KGZ,2012,13399289,,,,
KGZ2013,Kyrgyzstan,KGZ,2013,17609990,,,,
KGZ2014,Kyrgyzstan,KGZ,2014,15978696.42,,,,
LAO2006,Laos,LAO,2006,4675671,,,,
LAO2007,Laos,LAO,2007,5146613.38,,,,
LAO2008,Laos,LAO,2008,5017038,,,,
LAO2009,Laos,LAO,2009,5997398,,,,
LAO2010,Laos,LAO,2010,8586397.07,,,,
LAO2011,Laos,LAO,2011,11749215.6,,,,
LVA2006,Latvia,LVA,2006,5748000,,,,
LVA2009,Latvia,LVA,2009,7134019.394,,,,
LVA2010,Latvia,LVA,2010,6176719.457,,,,
LVA2011,Latvia,LVA,2011,267460,,,,
LVA2012,Latvia,LVA,2012,619656,,,,
LVA2013,Latvia,LVA,2013,9452206.7,,,,
LVA2014,Latvia,LVA,2014,8763408.26,,,,
LBN2007,Lebanon,LBN,2007,4400000,,,,
LBN2008,Lebanon,LBN,2008,7300000,,,,
LBN2009,Lebanon,LBN,2009,4450000,,,,
LBN2010,Lebanon,LBN,2010,2420000,,,,
LBN2011,Lebanon,LBN,2011,2420000,,,,
LBN2013,Lebanon,LBN,2013,5191497,,,,
LSO2006,Lesotho,LSO,2006,24436397,,,,
LSO2007,Lesotho,LSO,2007,54502463.6,,,,
LSO2008,Lesotho,LSO,2008,81741090.48,,,,
LSO2009,Lesotho,LSO,2009,0,,,,
LSO2010,Lesotho,LSO,2010,0,,,,
LSO2013,Lesotho,LSO,2013,86463007,,,,
LSO2014,Lesotho,LSO,2014,111570742,,,,
LBR2010,Liberia,LBR,2010,28357694.89,,,,
LBR2011,Liberia,LBR,2011,31123572.25,,,,
LTU2011,Lithuania,LTU,2011,3669400.749,,,,
LTU2012,Lithuania,LTU,2012,2496550.945,,,,
LUX2009,Luxembourg,LUX,2009,0,,,,
MDG2007,Madagascar,MDG,2007,17802042,,,,
MDG2008,Madagascar,MDG,2008,11960068.87,,,,
MDG2010,Madagascar,MDG,2010,9431067.015,,,,
MDG2011,Madagascar,MDG,2011,13881177.5,,,,
MDG2012,Madagascar,MDG,2012,9820637.006,,,,
MDG2013,Madagascar,MDG,2013,6715215.108,,,,
MDG2014,Madagascar,MDG,2014,5737192.91,,,,
MDG2015,Madagascar,MDG,2015,5806920.66,,,,
MDG2016,Madagascar,MDG,2016,3563919.28,,,,
MWI2005,Malawi,MWI,2005,66407193,,,,
MWI2008,Malawi,MWI,2008,107426244,,,,
MWI2009,Malawi,MWI,2009,71804797,,,,
MWI2010,Malawi,MWI,2010,65560000,,,,
MWI2011,Malawi,MWI,2011,151972234,,,,
MWI2012,Malawi,MWI,2012,145522435,,,,
MWI2015,Malawi,MWI,2015,230210286.2,,,,
MYS2008,Malaysia,MYS,2008,24752000,,,,
MYS2009,Malaysia,MYS,2009,28179411.79,,,,
MYS2010,Malaysia,MYS,2010,31945129.47,,,,
MYS2011,Malaysia,MYS,2011,39193880.73,,,,
MYS2012,Malaysia,MYS,2012,56645650.7,,,,
MYS2013,Malaysia,MYS,2013,58084996.13,,,,
MYS2014,Malaysia,MYS,2014,53802555.89,,,,
MLI2006,Mali,MLI,2006,29022701.25,,,,
MLI2007,Mali,MLI,2007,43712742.85,,,,
MLI2008,Mali,MLI,2008,43788574.43,,,,
MLI2009,Mali,MLI,2009,28408825.06,,,,
MLI2010,Mali,MLI,2010,36703031.48,,,,
MLI2011,Mali,MLI,2011,24333789.8,,,,
MLI2012,Mali,MLI,2012,21794989.59,,,,
MHL2007,Marshall Islands,MHL,2007,122518,,,,
MHL2008,Marshall Islands,MHL,2008,0,,,,
MHL2009,Marshall Islands,MHL,2009,125841,,,,
MHL2010,Marshall Islands,MHL,2010,390933,,,,
MHL2011,Marshall Islands,MHL,2011,174208,,,,
MHL2012,Marshall Islands,MHL,2012,446142,,,,
MHL2013,Marshall Islands,MHL,2013,516765,,,,
MHL2014,Marshall Islands,MHL,2014,679774,,,,
MRT2009,Mauritania,MRT,2009,86917.12,,,,
MRT2010,Mauritania,MRT,2010,946354,,,,
MRT2011,Mauritania,MRT,2011,4082502,,,,
MRT2012,Mauritania,MRT,2012,3934241,,,,
MRT2013,Mauritania,MRT,2013,2731148,,,,
MUS2006,Mauritius,MUS,2006,1501345.375,,,,
MUS2010,Mauritius,MUS,2010,7524014.862,,,,
MEX2005,Mexico,MEX,2005,271364185.6,,,,
MEX2008,Mexico,MEX,2008,447704520.3,,,,
MEX2009,Mexico,MEX,2009,376480868.4,,,,
MEX2011,Mexico,MEX,2011,534914169.5,,,,
FSM2008,Micronesia (country),FSM,2008,354776,,,,
FSM2009,Micronesia (country),FSM,2009,685925.86,,,,
FSM2010,Micronesia (country),FSM,2010,521805.87,,,,
FSM2011,Micronesia (country),FSM,2011,473469,,,,
FSM2012,Micronesia (country),FSM,2012,446688,,,,
FSM2013,Micronesia (country),FSM,2013,519360,,,,
FSM2014,Micronesia (country),FSM,2014,344003.77,,,,
MDA2007,Moldova,MDA,2007,8200348.25,,,,
MDA2008,Moldova,MDA,2008,13254121.37,,,,
MDA2009,Moldova,MDA,2009,11859795.42,,,,
MDA2010,Moldova,MDA,2010,10948535.37,,,,
MDA2011,Moldova,MDA,2011,14352889.44,,,,
MDA2012,Moldova,MDA,2012,9582312.049,,,,
MDA2013,Moldova,MDA,2013,8483257.404,,,,
MDA2014,Moldova,MDA,2014,9200219.606,,,,
MNG2007,Mongolia,MNG,2007,3377400,,,,
MNG2008,Mongolia,MNG,2008,5160118.029,,,,
MNG2009,Mongolia,MNG,2009,4758316.712,,,,
MNG2010,Mongolia,MNG,2010,3883709.63,,,,
MNG2011,Mongolia,MNG,2011,3949791.111,,,,
MNG2013,Mongolia,MNG,2013,3552745,,,,
MNG2014,Mongolia,MNG,2014,2858199,,,,
MNE2007,Montenegro,MNE,2007,1470536.986,,,,
MNE2008,Montenegro,MNE,2008,596567.6471,,,,
MNE2009,Montenegro,MNE,2009,830121.4286,,,,
MAR2006,Morocco,MAR,2006,6900215.75,,,,
MAR2007,Morocco,MAR,2007,11040303,,,,
MAR2008,Morocco,MAR,2008,13643597,,,,
MAR2009,Morocco,MAR,2009,14648004,,,,
MAR2010,Morocco,MAR,2010,14832191,,,,
MAR2011,Morocco,MAR,2011,14632692,,,,
MAR2012,Morocco,MAR,2012,21453834,,,,
MAR2013,Morocco,MAR,2013,22730808,,,,
MAR2015,Morocco,MAR,2015,22099998,,,,
MOZ2004,Mozambique,MOZ,2004,48503886,,,,
MOZ2005,Mozambique,MOZ,2005,58992973,,,,
MOZ2006,Mozambique,MOZ,2006,96623778.43,,,,
MOZ2007,Mozambique,MOZ,2007,105235588,,,,
MOZ2008,Mozambique,MOZ,2008,146424960,,,,
MOZ2010,Mozambique,MOZ,2010,213485240.2,,,,
MOZ2011,Mozambique,MOZ,2011,260279345,,,,
MOZ2012,Mozambique,MOZ,2012,257440190,,,,
MOZ2013,Mozambique,MOZ,2013,353766025.8,,,,
MOZ2014,Mozambique,MOZ,2014,353836435.9,,,,
MOZ2015,Mozambique,MOZ,2015,343606041,,,,
MOZ2016,Mozambique,MOZ,2016,329521478,,,,
MMR2007,Myanmar,MMR,2007,32762916.48,,,,
MMR2008,Myanmar,MMR,2008,32802377.75,,,,
MMR2009,Myanmar,MMR,2009,34264132.53,,,,
MMR2010,Myanmar,MMR,2010,40501041.67,,,,
MMR2011,Myanmar,MMR,2011,46293477.5,,,,
MMR2012,Myanmar,MMR,2012,42196575.04,,,,
MMR2013,Myanmar,MMR,2013,56389651.69,,,,
NAM2003,Namibia,NAM,2003,35000000,,,,
NAM2005,Namibia,NAM,2005,79122000,,,,
NAM2007,Namibia,NAM,2007,130500000,,,,
NAM2009,Namibia,NAM,2009,243041930,,,,
NAM2010,Namibia,NAM,2010,279320471.9,,,,
NAM2012,Namibia,NAM,2012,206262070,,,,
NAM2013,Namibia,NAM,2013,218231939,,,,
NRU2008,Nauru,NRU,2008,80673.65772,,,,
NRU2009,Nauru,NRU,2009,97112.32449,,,,
NPL2006,Nepal,NPL,2006,8896695.141,,,,
NPL2007,Nepal,NPL,2007,17661653,,,,
NPL2009,Nepal,NPL,2009,20454800.16,,,,
NIC2007,Nicaragua,NIC,2007,12665213,,,,
NIC2008,Nicaragua,NIC,2008,14992937.46,,,,
NIC2010,Nicaragua,NIC,2010,24894867,,,,
NER2006,Niger,NER,2006,21632108,,,,
NER2007,Niger,NER,2007,16656278.08,,,,
NER2008,Niger,NER,2008,14268160.63,,,,
NER2009,Niger,NER,2009,10080692.05,,,,
NER2010,Niger,NER,2010,14180564.25,,,,
NER2011,Niger,NER,2011,14617433.86,,,,
NER2012,Niger,NER,2012,16094800.06,,,,
NGA2006,Nigeria,NGA,2006,19140699,,,,
NGA2007,Nigeria,NGA,2007,299241772,,,,
NGA2008,Nigeria,NGA,2008,394963885,,,,
NGA2009,Nigeria,NGA,2009,415287430,,,,
NGA2010,Nigeria,NGA,2010,496917471,,,,
NGA2011,Nigeria,NGA,2011,499432729,,,,
NGA2012,Nigeria,NGA,2012,574310062,,,,
PRK2009,North Korea,PRK,2009,868500,,,,
PRK2010,North Korea,PRK,2010,1014600,,,,
PRK2011,North Korea,PRK,2011,1145420,,,,
MKD2005,North Macedonia,MKD,2005,3627078.5,,,,
MKD2008,North Macedonia,MKD,2008,3659005.147,,,,
MKD2009,North Macedonia,MKD,2009,4753257.088,,,,
MKD2010,North Macedonia,MKD,2010,4764350.546,,,,
OMN2009,Oman,OMN,2009,811770.86,,,,
OMN2011,Oman,OMN,2011,4703922.269,,,,
OMN2012,Oman,OMN,2012,5422075,,,,
OMN2013,Oman,OMN,2013,3890133.75,,,,
OMN2014,Oman,OMN,2014,4324861,,,,
PAK2007,Pakistan,PAK,2007,5076641.5,,,,
PAK2008,Pakistan,PAK,2008,14194847,,,,
PAK2009,Pakistan,PAK,2009,14064508.22,,,,
PAK2010,Pakistan,PAK,2010,12951615.3,,,,
PAK2011,Pakistan,PAK,2011,5209746.9,,,,
PAK2012,Pakistan,PAK,2012,10450151.36,,,,
PAK2013,Pakistan,PAK,2013,9993630.02,,,,
PLW2007,Palau,PLW,2007,57425.37,,,,
PLW2008,Palau,PLW,2008,57260.82,,,,
PLW2009,Palau,PLW,2009,67448.6,,,,
PLW2010,Palau,PLW,2010,982488.99,,,,
PLW2011,Palau,PLW,2011,1044959.11,,,,
PLW2013,Palau,PLW,2013,409041.33,,,,
PLW2014,Palau,PLW,2014,30032.3,,,,
PAN2006,Panama,PAN,2006,21997471,,,,
PAN2008,Panama,PAN,2008,21077738,,,,
PAN2010,Panama,PAN,2010,24275360,,,,
PAN2012,Panama,PAN,2012,47835015.63,,,,
PNG2009,Papua New Guinea,PNG,2009,50333020.31,,,,
PNG2010,Papua New Guinea,PNG,2010,51209268.56,,,,
PNG2011,Papua New Guinea,PNG,2011,47372864.09,,,,
PNG2012,Papua New Guinea,PNG,2012,36659267.31,,,,
PRY2006,Paraguay,PRY,2006,1017666,,,,
PRY2007,Paraguay,PRY,2007,2497096,,,,
PRY2008,Paraguay,PRY,2008,11831832,,,,
PRY2009,Paraguay,PRY,2009,14042677,,,,
PRY2010,Paraguay,PRY,2010,12414684,,,,
PRY2011,Paraguay,PRY,2011,9208240,,,,
PRY2012,Paraguay,PRY,2012,13657172.7,,,,
PRY2013,Paraguay,PRY,2013,14941352.28,,,,
PER2005,Peru,PER,2005,25773171.5,,,,
PER2006,Peru,PER,2006,36169689.75,,,,
PER2007,Peru,PER,2007,39986982.39,,,,
PER2008,Peru,PER,2008,45186950.57,,,,
PER2009,Peru,PER,2009,62229415.7,,,,
PER2010,Peru,PER,2010,36431352.45,,,,
PER2013,Peru,PER,2013,74861271.85,,,,
PER2014,Peru,PER,2014,78148248,,,,
PHL2005,Philippines,PHL,2005,8054565.567,,,,
PHL2006,Philippines,PHL,2006,8561154.548,,,,
PHL2007,Philippines,PHL,2007,5623741.066,,,,
PHL2008,Philippines,PHL,2008,7734114.592,,,,
PHL2009,Philippines,PHL,2009,12030977.26,,,,
PHL2010,Philippines,PHL,2010,12495865.06,,,,
PHL2011,Philippines,PHL,2011,12645619.71,,,,
PHL2012,Philippines,PHL,2012,9642394.636,,,,
PHL2013,Philippines,PHL,2013,10319421.41,,,,
POL2007,Poland,POL,2007,41978735.19,,,,
POL2008,Poland,POL,2008,62946967.14,,,,
POL2009,Poland,POL,2009,48820379.25,,,,
POL2010,Poland,POL,2010,66986129.59,,,,
POL2011,Poland,POL,2011,74423714.86,,,,
POL2012,Poland,POL,2012,83259468.71,,,,
POL2013,Poland,POL,2013,90199774.37,,,,
POL2014,Poland,POL,2014,83684559.07,,,,
PRT2009,Portugal,PRT,2009,10081613.64,,,,
PRT2010,Portugal,PRT,2010,175446308.3,,,,
PRT2011,Portugal,PRT,2011,201374452,,,,
PRT2012,Portugal,PRT,2012,10356197.19,,,,
PRT2013,Portugal,PRT,2013,274577667.8,,,,
ROU2006,Romania,ROU,2006,76088416,,,,
ROU2008,Romania,ROU,2008,87241136,,,,
ROU2009,Romania,ROU,2009,84255940,,,,
ROU2010,Romania,ROU,2010,95508030,,,,
ROU2011,Romania,ROU,2011,108228460,,,,
ROU2012,Romania,ROU,2012,34583120.91,,,,
ROU2014,Romania,ROU,2014,98535201,,,,
RUS2006,Russia,RUS,2006,304989825.2,,,,
RUS2008,Russia,RUS,2008,780172789.8,,,,
RUS2013,Russia,RUS,2013,546296296,,,,
RUS2014,Russia,RUS,2014,512676056,,,,
RWA2006,Rwanda,RWA,2006,87129455.5,,,,
RWA2007,Rwanda,RWA,2007,74564937.92,,,,
RWA2008,Rwanda,RWA,2008,110811596.2,,,,
RWA2009,Rwanda,RWA,2009,173621081,,,,
RWA2011,Rwanda,RWA,2011,234613362,,,,
RWA2012,Rwanda,RWA,2012,243667682.7,,,,
KNA2007,Saint Kitts and Nevis,KNA,2007,1342611.171,,,,
KNA2008,Saint Kitts and Nevis,KNA,2008,1487271.345,,,,
KNA2009,Saint Kitts and Nevis,KNA,2009,1210090.786,,,,
KNA2010,Saint Kitts and Nevis,KNA,2010,151172.7185,,,,
KNA2011,Saint Kitts and Nevis,KNA,2011,93349.25926,,,,
KNA2012,Saint Kitts and Nevis,KNA,2012,82440.37037,,,,
KNA2013,Saint Kitts and Nevis,KNA,2013,85110,,,,
LCA2006,Saint Lucia,LCA,2006,1000199.078,,,,
LCA2007,Saint Lucia,LCA,2007,772018.0156,,,,
VCT2008,Saint Vincent and the Grenadines,VCT,2008,1625301.03,,,,
VCT2009,Saint Vincent and the Grenadines,VCT,2009,2629219.154,,,,
VCT2010,Saint Vincent and the Grenadines,VCT,2010,4020691.651,,,,
VCT2011,Saint Vincent and the Grenadines,VCT,2011,2951440.912,,,,
VCT2012,Saint Vincent and the Grenadines,VCT,2012,1466605.326,,,,
WSM2009,Samoa,WSM,2009,792332,,,,
WSM2010,Samoa,WSM,2010,345027.6855,,,,
WSM2011,Samoa,WSM,2011,307482.2414,,,,
WSM2013,Samoa,WSM,2013,903852,,,,
STP2007,Sao Tome and Principe,STP,2007,98088.71966,,,,
STP2008,Sao Tome and Principe,STP,2008,93188.508,,,,
STP2009,Sao Tome and Principe,STP,2009,460568.92,,,,
STP2010,Sao Tome and Principe,STP,2010,605752,,,,
STP2011,Sao Tome and Principe,STP,2011,880869,,,,
STP2012,Sao Tome and Principe,STP,2012,438390,,,,
STP2013,Sao Tome and Principe,STP,2013,821699.43,,,,
STP2014,Sao Tome and Principe,STP,2014,751805.8,,,,
SAU2009,Saudi Arabia,SAU,2009,19389141.33,,,,
SEN2006,Senegal,SEN,2006,11934512.02,,,,
SEN2007,Senegal,SEN,2007,17814671.84,,,,
SEN2008,Senegal,SEN,2008,29758122.48,,,,
SEN2011,Senegal,SEN,2011,21357515.62,,,,
SEN2012,Senegal,SEN,2012,25134303.74,,,,
SEN2013,Senegal,SEN,2013,22380529.68,,,,
SRB2012,Serbia,SRB,2012,13375569.63,,,,
SRB2013,Serbia,SRB,2013,16333869.05,,,,
SYC2007,Seychelles,SYC,2007,479214,,,,
SYC2008,Seychelles,SYC,2008,575899.2387,,,,
SYC2009,Seychelles,SYC,2009,1748649.143,,,,
SYC2010,Seychelles,SYC,2010,2354608.091,,,,
SYC2011,Seychelles,SYC,2011,2172223.692,,,,
SYC2012,Seychelles,SYC,2012,4686371.833,,,,
SYC2013,Seychelles,SYC,2013,2900786.48,,,,
SYC2014,Seychelles,SYC,2014,3560043.231,,,,
SLE2006,Sierra Leone,SLE,2006,7759514.188,,,,
SLE2007,Sierra Leone,SLE,2007,9172665.217,,,,
SLE2009,Sierra Leone,SLE,2009,14309550,,,,
SLE2011,Sierra Leone,SLE,2011,20905243,,,,
SGP2007,Singapore,SGP,2007,11349934.18,,,,
SGP2008,Singapore,SGP,2008,15338055.7,,,,
SGP2009,Singapore,SGP,2009,14361842.11,,,,
SGP2010,Singapore,SGP,2010,16486428.57,,,,
SGP2011,Singapore,SGP,2011,23091269.84,,,,
SGP2012,Singapore,SGP,2012,23746298.21,,,,
SGP2013,Singapore,SGP,2013,23739323.09,,,,
SGP2014,Singapore,SGP,2014,23202746.72,,,,
SLB2008,Solomon Islands,SLB,2008,598244.6194,,,,
SLB2009,Solomon Islands,SLB,2009,575215.6065,,,,
SLB2010,Solomon Islands,SLB,2010,804326.6983,,,,
SLB2011,Solomon Islands,SLB,2011,908429.0816,,,,
SOM2006,Somalia,SOM,2006,12202916.81,,,,
SOM2007,Somalia,SOM,2007,9811603,,,,
SOM2008,Somalia,SOM,2008,5994773.5,,,,
SOM2009,Somalia,SOM,2009,5981773.5,,,,
ZAF2006,South Africa,ZAF,2006,610975168,,,,
ZAF2007,South Africa,ZAF,2007,648093868,,,,
ZAF2009,South Africa,ZAF,2009,2329049277,,,,
ZAF2014,South Africa,ZAF,2014,1880672908,,,,
KOR2009,South Korea,KOR,2009,13178000,,,,
KOR2010,South Korea,KOR,2010,11161000,,,,
KOR2011,South Korea,KOR,2011,11171000,,,,
SSD2006,South Sudan,SSD,2006,260000,,,,
SSD2007,South Sudan,SSD,2007,1312767,,,,
SSD2011,South Sudan,SSD,2011,31238878,,,,
SSD2012,South Sudan,SSD,2012,24154613.65,,,,
ESP2007,Spain,ESP,2007,551413158.1,,,,
ESP2008,Spain,ESP,2008,916739279.5,,,,
ESP2009,Spain,ESP,2009,947070402.3,,,,
ESP2010,Spain,ESP,2010,980913999.7,,,,
ESP2011,Spain,ESP,2011,1080338130,,,,
ESP2012,Spain,ESP,2012,978031084.4,,,,
ESP2013,Spain,ESP,2013,919488342.4,,,,
LKA2007,Sri Lanka,LKA,2007,1705728.173,,,,
LKA2008,Sri Lanka,LKA,2008,1568313,,,,
LKA2009,Sri Lanka,LKA,2009,4504057.6,,,,
LKA2010,Sri Lanka,LKA,2010,4727896.692,,,,
LKA2013,Sri Lanka,LKA,2013,1226938,,,,
SDN2008,Sudan,SDN,2008,15985346,,,,
SDN2009,Sudan,SDN,2009,15358624,,,,
SDN2011,Sudan,SDN,2011,23349252.05,,,,
SDN2012,Sudan,SDN,2012,18458156,,,,
SDN2013,Sudan,SDN,2013,13840875,,,,
SUR2007,Suriname,SUR,2007,500000,,,,
SUR2009,Suriname,SUR,2009,4037170.46,,,,
SUR2010,Suriname,SUR,2010,6129853.398,,,,
SUR2011,Suriname,SUR,2011,4674508.149,,,,
SWE2007,Sweden,SWE,2007,0,,,,
SWE2008,Sweden,SWE,2008,0,,,,
SWE2009,Sweden,SWE,2009,0,,,,
CHE2006,Switzerland,CHE,2006,18505748,,,,
CHE2008,Switzerland,CHE,2008,14898053.75,,,,
CHE2009,Switzerland,CHE,2009,14843028.62,,,,
CHE2010,Switzerland,CHE,2010,3067778.736,,,,
CHE2011,Switzerland,CHE,2011,3608479.928,,,,
CHE2012,Switzerland,CHE,2012,3411877.599,,,,
SYR2007,Syria,SYR,2007,1660147,,,,
SYR2008,Syria,SYR,2008,2014305,,,,
SYR2009,Syria,SYR,2009,2019325,,,,
SYR2011,Syria,SYR,2011,809850,,,,
TJK2006,Tajikistan,TJK,2006,5210554.813,,,,
TJK2008,Tajikistan,TJK,2008,6186978.507,,,,
TJK2009,Tajikistan,TJK,2009,7501041.099,,,,
TJK2010,Tajikistan,TJK,2010,15293808.7,,,,
TJK2011,Tajikistan,TJK,2011,15370003.48,,,,
TJK2012,Tajikistan,TJK,2012,12715923.58,,,,
TJK2013,Tajikistan,TJK,2013,14077892.87,,,,
TZA2005,Tanzania,TZA,2005,266371077,,,,
THA2007,Thailand,THA,2007,199644530.6,,,,
THA2008,Thailand,THA,2008,209123114,,,,
THA2009,Thailand,THA,2009,209106533.9,,,,
THA2010,Thailand,THA,2010,242670428.6,,,,
THA2011,Thailand,THA,2011,325388453.9,,,,
THA2012,Thailand,THA,2012,282888793.7,,,,
THA2013,Thailand,THA,2013,287278782.3,,,,
TLS2008,Timor,TLS,2008,1826972.751,,,,
TLS2009,Timor,TLS,2009,1803013.71,,,,
TGO2006,Togo,TGO,2006,8530266.68,,,,
TGO2007,Togo,TGO,2007,14365723.92,,,,
TGO2008,Togo,TGO,2008,17238298.52,,,,
TGO2009,Togo,TGO,2009,15272333.92,,,,
TGO2010,Togo,TGO,2010,24317567.56,,,,
TGO2011,Togo,TGO,2011,21971071.5,,,,
TGO2012,Togo,TGO,2012,20455090.18,,,,
TGO2013,Togo,TGO,2013,26857752.44,,,,
TGO2014,Togo,TGO,2014,25321421.32,,,,
TON2008,Tonga,TON,2008,209703.6842,,,,
TON2009,Tonga,TON,2009,310525.7895,,,,
TON2010,Tonga,TON,2010,0,,,,
TON2011,Tonga,TON,2011,0,,,,
TON2014,Tonga,TON,2014,158093.2378,,,,
TTO2006,Trinidad and Tobago,TTO,2006,12678331.69,,,,
TTO2007,Trinidad and Tobago,TTO,2007,10118410,,,,
TTO2008,Trinidad and Tobago,TTO,2008,15442886.03,,,,
TTO2009,Trinidad and Tobago,TTO,2009,13810964.92,,,,
TUN2010,Tunisia,TUN,2010,3038140,,,,
TUN2011,Tunisia,TUN,2011,2742549,,,,
TUR2006,Turkey,TUR,2006,54365480,,,,
TUR2007,Turkey,TUR,2007,56852200,,,,
TUR2012,Turkey,TUR,2012,12291905.01,,,,
TUV2008,Tuvalu,TUV,2008,100132.46,,,,
TUV2009,Tuvalu,TUV,2009,61294,,,,
TUV2010,Tuvalu,TUV,2010,59641,,,,
TUV2011,Tuvalu,TUV,2011,177096.4,,,,
TUV2013,Tuvalu,TUV,2013,34455,,,,
UGA2005,Uganda,UGA,2005,202419252,,,,
UGA2007,Uganda,UGA,2007,270011038.8,,,,
UGA2008,Uganda,UGA,2008,296649946.1,,,,
UKR2005,Ukraine,UKR,2005,40004057.13,,,,
UKR2006,Ukraine,UKR,2006,55737389.42,,,,
UKR2007,Ukraine,UKR,2007,79354447.14,,,,
UKR2008,Ukraine,UKR,2008,102429697.5,,,,
UKR2009,Ukraine,UKR,2009,65397491.94,,,,
UKR2010,Ukraine,UKR,2010,72838817.08,,,,
UKR2011,Ukraine,UKR,2011,107004261.6,,,,
UKR2012,Ukraine,UKR,2012,124325856.6,,,,
UKR2015,Ukraine,UKR,2015,97737794.11,,,,
ARE2009,United Arab Emirates,ARE,2009,17583651.23,,,,
ARE2010,United Arab Emirates,ARE,2010,25480829,,,,
ARE2011,United Arab Emirates,ARE,2011,30630854.46,,,,
ARE2012,United Arab Emirates,ARE,2012,32476416.89,,,,
GBR2007,United Kingdom,GBR,2007,1204081633,,,,
GBR2008,United Kingdom,GBR,2008,925714285.7,,,,
GBR2009,United Kingdom,GBR,2009,80303030.3,,,,
URY2005,Uruguay,URY,2005,6245860.607,,,,
URY2006,Uruguay,URY,2006,5736140.607,,,,
URY2007,Uruguay,URY,2007,14077808.74,,,,
UZB2009,Uzbekistan,UZB,2009,15939901.17,,,,
UZB2010,Uzbekistan,UZB,2010,23663618.07,,,,
UZB2011,Uzbekistan,UZB,2011,19149707.71,,,,
UZB2012,Uzbekistan,UZB,2012,24106268.46,,,,
UZB2013,Uzbekistan,UZB,2013,21315540.26,,,,
UZB2014,Uzbekistan,UZB,2014,19113115.88,,,,
VUT2008,Vanuatu,VUT,2008,1092358,,,,
VUT2009,Vanuatu,VUT,2009,1114768,,,,
VUT2010,Vanuatu,VUT,2010,1661522.911,,,,
VUT2011,Vanuatu,VUT,2011,1883490.055,,,,
VUT2012,Vanuatu,VUT,2012,328089.4,,,,
VUT2013,Vanuatu,VUT,2013,867285.7245,,,,
VEN2007,Venezuela,VEN,2007,79818044.67,,,,
VEN2008,Venezuela,VEN,2008,71722966.68,,,,
VEN2009,Venezuela,VEN,2009,83424284.27,,,,
VEN2010,Venezuela,VEN,2010,109663740.2,,,,
VEN2011,Venezuela,VEN,2011,80485621.7,,,,
VEN2012,Venezuela,VEN,2012,66618451.61,,,,
VEN2013,Venezuela,VEN,2013,72603707.85,,,,
VNM2006,Vietnam,VNM,2006,47155758,,,,
VNM2007,Vietnam,VNM,2007,66280815,,,,
VNM2008,Vietnam,VNM,2008,108814493.7,,,,
VNM2009,Vietnam,VNM,2009,127374483.3,,,,
VNM2010,Vietnam,VNM,2010,139253245,,,,
VNM2011,Vietnam,VNM,2011,99844926,,,,
VNM2012,Vietnam,VNM,2012,95446487,,,,
YEM2009,Yemen,YEM,2009,4955843,,,,
YEM2010,Yemen,YEM,2010,2210998,,,,
YEM2011,Yemen,YEM,2011,1613920,,,,
ZMB2006,Zambia,ZMB,2006,189929904,,,,
ZMB2012,Zambia,ZMB,2012,282218625.7,,,,
ZWE2005,Zimbabwe,ZWE,2005,89432191,,,,
ZWE2006,Zimbabwe,ZWE,2006,129516626,,,,
ZWE2008,Zimbabwe,ZWE,2008,27387121,,,,
ZWE2009,Zimbabwe,ZWE,2009,90338609.66,,,,
ZWE2010,Zimbabwe,ZWE,2010,268908534.6,,,,
ZWE2011,Zimbabwe,ZWE,2011,257657385,,,,
ZWE2012,Zimbabwe,ZWE,2012,308835446,,,,
ZWE2013,Zimbabwe,ZWE,2013,253479644,,,,